<?xml version="1.0" encoding="UTF-8"?>
<project-private xmlns="http://www.netbeans.org/ns/project-private/1">
    <editor-bookmarks xmlns="http://www.netbeans.org/ns/editor-bookmarks/2" lastBookmarkId="1">
        <file>
            <url>src/trafficmanagementsystem/TrafficManagementSystem.java</url>
            <bookmark id="1">
                <name/>
                <line>238</line>
                <key/>
            </bookmark>
        </file>
    </editor-bookmarks>
    <open-files xmlns="http://www.netbeans.org/ns/projectui-open-files/2">
        <group>
            <file>file:/C:/Users/Administrator/Documents/NetBeansProjects/TrafficManagementSystem/src/trafficmanagementsystem/TrafficCameraSystem.java</file>
            <file>file:/C:/Users/Administrator/Documents/NetBeansProjects/TrafficManagementSystem/src/trafficmanagementsystem/DatabaseUtil.java</file>
            <file>file:/C:/Users/Administrator/Documents/NetBeansProjects/TrafficManagementSystem/src/trafficmanagementsystem/VehicleImageManager.java</file>
            <file>file:/C:/Users/Administrator/Documents/NetBeansProjects/TrafficManagementSystem/src/trafficmanagementsystem/TrafficManagementSystem.java</file>
            <file>file:/C:/Users/Administrator/Documents/NetBeansProjects/TrafficManagementSystem/src/trafficmanagementsystem/LoginManager.java</file>
            <file>file:/C:/Users/Administrator/Documents/NetBeansProjects/TrafficManagementSystem/src/trafficmanagementsystem/TrafficLight.java</file>
        </group>
    </open-files>
</project-private>
